[{
    "iata": "ESB",
    "icao": "LTAC",
    "name": "Ankara Esenboga International Airport",
    "city": "Ankara",
    "lat": "40.128078",
    "lon": "32.995079",
    "country": "TURKEY"
}, {
    "iata": "IST",
    "icao": "LTFM",
    "name": "Istanbul Airport",
    "city": "Istanbul",
    "lat": "41.267052",
    "lon": "28.729757",
    "country": "TURKEY"
}, {
    "iata": "SAW",
    "icao": "LTFJ",
    "name": "Istanbul Sabiha Gokcen International Airport",
    "city": "Istanbul",
    "lat": "40.898548",
    "lon": "29.309210",
    "country": "TURKEY"
}, {
    "iata": "ADB",
    "icao": "LTBJ",
    "name": "Izmir Adnan Menderes International Airport",
    "city": "Izmir",
    "lat": "38.292389",
    "lon": "27.156950",
    "country": "TURKEY"
}]