[{
    "iata": "DTM",
    "icao": "EDLW",
    "name": "Dortmund Airport",
    "city": "Dortmund",
    "lat": "51.518311",
    "lon": "7.612242",
    "country": "GERMANY"
}, {
    "iata": "DUS",
    "icao": "EDDL",
    "name": "Dusseldorf International Airport",
    "city": "Dusseldorf",
    "lat": "51.289452",
    "lon": "6.766775",
    "country": "GERMANY"
}, {
    "iata": "IST",
    "icao": "LTFM",
    "name": "Istanbul Airport",
    "city": "Istanbul",
    "lat": "41.267052",
    "lon": "28.729757",
    "country": "TURKEY"
}]