[{
    "iata": "IKA",
    "icao": "OIIE",
    "name": "Tehran Imam Khomeini International Airport",
    "city": "Tehran",
    "lat": "35.416111",
    "lon": "51.152222",
    "country": "IRAN"
}, {
    "iata": "DNZ",
    "icao": "LTAY",
    "name": "Denizli Cardak Airport",
    "city": "Cardak",
    "lat": "37.785561",
    "lon": "29.701290",
    "country": "TURKEY"
}, {
    "iata": "IST",
    "icao": "LTFM",
    "name": "Istanbul Airport",
    "city": "Istanbul",
    "lat": "41.267052",
    "lon": "28.729757",
    "country": "TURKEY"
}, {
    "iata": "SAW",
    "icao": "LTFJ",
    "name": "Istanbul Sabiha Gokcen International Airport",
    "city": "Istanbul",
    "lat": "40.898548",
    "lon": "29.309210",
    "country": "TURKEY"
}]