[
    {
        "iata": "TIA",
        "icao": "LATI",
        "name": "Tirana International Airport",
        "city": "Tirana",
        "lat": "41.414742",
        "lon": "19.720560",
        "country": "ALBANIA"
    },
    {
        "iata": "EVN",
        "icao": "UDYZ",
        "name": "Yerevan Zvartnots International Airport",
        "city": "Yerevan",
        "lat": "40.147270",
        "lon": "44.395882",
        "country": "ARMENIA"
    },
    {
        "iata": "VIE",
        "icao": "LOWW",
        "name": "Vienna International Airport",
        "city": "Vienna",
        "lat": "48.110271",
        "lon": "16.569719",
        "country": "AUSTRIA"
    },
    {
        "iata": "GYD",
        "icao": "UBBB",
        "name": "Baku Heydar Aliyev International Airport",
        "city": "Baku",
        "lat": "40.467499",
        "lon": "50.046661",
        "country": "AZERBAIJAN"
    },
    {
        "iata": "GNJ",
        "icao": "UBBG",
        "name": "Ganja International Airport",
        "city": "Ganja",
        "lat": "40.737778",
        "lon": "46.317501",
        "country": "AZERBAIJAN"
    },
    {
        "iata": "BAH",
        "icao": "OBBI",
        "name": "Bahrain International Airport",
        "city": "Bahrain",
        "lat": "26.270830",
        "lon": "50.633610",
        "country": "BAHRAIN"
    },
    {
        "iata": "BRU",
        "icao": "EBBR",
        "name": "Brussels Airport",
        "city": "Brussels",
        "lat": "50.901379",
        "lon": "4.484444",
        "country": "BELGIUM"
    },
    {
        "iata": "CRL",
        "icao": "EBCI",
        "name": "Brussels South Charleroi Airport",
        "city": "Brussels",
        "lat": "50.459972",
        "lon": "4.453121",
        "country": "BELGIUM"
    },
    {
        "iata": "LGG",
        "icao": "EBLG",
        "name": "Liege Airport",
        "city": "Liege",
        "lat": "50.636379",
        "lon": "5.442778",
        "country": "BELGIUM"
    },
    {
        "iata": "SJJ",
        "icao": "LQSA",
        "name": "Sarajevo International Airport",
        "city": "Sarajevo",
        "lat": "43.824581",
        "lon": "18.331461",
        "country": "BOSNIA AND HERZEGOVINA"
    },
    {
        "iata": "TZL",
        "icao": "LQTZ",
        "name": "Tuzla International Airport",
        "city": "Tuzla",
        "lat": "44.458649",
        "lon": "18.724779",
        "country": "BOSNIA AND HERZEGOVINA"
    },
    {
        "iata": "SOF",
        "icao": "LBSF",
        "name": "Sofia Airport",
        "city": "Sofia",
        "lat": "42.695190",
        "lon": "23.406160",
        "country": "BULGARIA"
    },
    {
        "iata": "ZAG",
        "icao": "LDZA",
        "name": "Zagreb Franjo Tudman Airport",
        "city": "Zagreb",
        "lat": "45.742931",
        "lon": "16.068769",
        "country": "CROATIA"
    },
    {
        "iata": "PRG",
        "icao": "LKPR",
        "name": "Prague Vaclav Havel Airport",
        "city": "Prague",
        "lat": "50.100830",
        "lon": "14.260000",
        "country": "CZECHIA"
    },
    {
        "iata": "CPH",
        "icao": "EKCH",
        "name": "Copenhagen Airport",
        "city": "Copenhagen",
        "lat": "55.616959",
        "lon": "12.645637",
        "country": "DENMARK"
    },
    {
        "iata": "HBE",
        "icao": "HEBA",
        "name": "Alexandria Borg El Arab Airport",
        "city": "Alexandria",
        "lat": "30.917660",
        "lon": "29.696400",
        "country": "EGYPT"
    },
    {
        "iata": "CAI",
        "icao": "HECA",
        "name": "Cairo International Airport",
        "city": "Cairo",
        "lat": "30.121941",
        "lon": "31.405550",
        "country": "EGYPT"
    },
    {
        "iata": "SPX",
        "icao": "HESX",
        "name": "Giza Sphinx International Airport",
        "city": "Giza",
        "lat": "30.109722",
        "lon": "30.894444",
        "country": "EGYPT"
    },
    {
        "iata": "HRG",
        "icao": "HEGN",
        "name": "Hurghada International Airport",
        "city": "Hurghada",
        "lat": "27.178310",
        "lon": "33.799431",
        "country": "EGYPT"
    },
    {
        "iata": "SSH",
        "icao": "HESH",
        "name": "Sharm el-Sheikh International Airport",
        "city": "Sharm el-Sheikh",
        "lat": "27.977280",
        "lon": "34.394951",
        "country": "EGYPT"
    },
    {
        "iata": "TLL",
        "icao": "EETN",
        "name": "Tallinn Lennart Meri Airport ",
        "city": "Tallinn",
        "lat": "59.413311",
        "lon": "24.832840",
        "country": "ESTONIA"
    },
    {
        "iata": "HEL",
        "icao": "EFHK",
        "name": "Helsinki Vantaa Airport",
        "city": "Helsinki",
        "lat": "60.325657",
        "lon": "24.968779",
        "country": "FINLAND"
    },
    {
        "iata": "BSL",
        "icao": "LFSB",
        "name": "Basel Mulhouse-Freiburg EuroAirport",
        "city": "Basel",
        "lat": "47.598900",
        "lon": "7.528300",
        "country": "FRANCE"
    },
    {
        "iata": "LYS",
        "icao": "LFLL",
        "name": "Lyon Saint Exupery Airport",
        "city": "Lyon",
        "lat": "45.719643",
        "lon": "5.089108",
        "country": "FRANCE"
    },
    {
        "iata": "MRS",
        "icao": "LFML",
        "name": "Marseille Provence Airport",
        "city": "Marseille",
        "lat": "43.436661",
        "lon": "5.215000",
        "country": "FRANCE"
    },
    {
        "iata": "CDG",
        "icao": "LFPG",
        "name": "Paris Charles de Gaulle Airport",
        "city": "Paris",
        "lat": "49.012516",
        "lon": "2.555752",
        "country": "FRANCE"
    },
    {
        "iata": "ORY",
        "icao": "LFPO",
        "name": "Paris Orly Airport",
        "city": "Paris",
        "lat": "48.723331",
        "lon": "2.379444",
        "country": "FRANCE"
    },
    {
        "iata": "PGF",
        "icao": "LFMP",
        "name": "Perpignan Rivesaltes Airport",
        "city": "Perpignan",
        "lat": "42.740829",
        "lon": "2.869722",
        "country": "FRANCE"
    },
    {
        "iata": "BUS",
        "icao": "UGSB",
        "name": "Batumi International Airport",
        "city": "Batumi",
        "lat": "41.610271",
        "lon": "41.599689",
        "country": "GEORGIA"
    },
    {
        "iata": "KUT",
        "icao": "UGKO",
        "name": "Kutaisi International Airport",
        "city": "Kutaisi",
        "lat": "42.169998",
        "lon": "42.480000",
        "country": "GEORGIA"
    },
    {
        "iata": "TBS",
        "icao": "UGTB",
        "name": "Tbilisi International Airport",
        "city": "Tbilisi",
        "lat": "41.669159",
        "lon": "44.954720",
        "country": "GEORGIA"
    },
    {
        "iata": "BER",
        "icao": "EDDB",
        "name": "Berlin Brandenburg Airport",
        "city": "Berlin",
        "lat": "52.362877",
        "lon": "13.503722",
        "country": "GERMANY"
    },
    {
        "iata": "BRE",
        "icao": "EDDW",
        "name": "Bremen Airport",
        "city": "Bremen",
        "lat": "53.047501",
        "lon": "8.786667",
        "country": "GERMANY"
    },
    {
        "iata": "CGN",
        "icao": "EDDK",
        "name": "Cologne Bonn Airport",
        "city": "Cologne",
        "lat": "50.866001",
        "lon": "7.143000",
        "country": "GERMANY"
    },
    {
        "iata": "DTM",
        "icao": "EDLW",
        "name": "Dortmund Airport",
        "city": "Dortmund",
        "lat": "51.518311",
        "lon": "7.612242",
        "country": "GERMANY"
    },
    {
        "iata": "DUS",
        "icao": "EDDL",
        "name": "Dusseldorf International Airport",
        "city": "Dusseldorf",
        "lat": "51.289452",
        "lon": "6.766775",
        "country": "GERMANY"
    },
    {
        "iata": "FRA",
        "icao": "EDDF",
        "name": "Frankfurt Airport",
        "city": "Frankfurt",
        "lat": "50.037796",
        "lon": "8.555783",
        "country": "GERMANY"
    },
    {
        "iata": "HAM",
        "icao": "EDDH",
        "name": "Hamburg Airport",
        "city": "Hamburg",
        "lat": "53.630379",
        "lon": "9.988228",
        "country": "GERMANY"
    },
    {
        "iata": "HAJ",
        "icao": "EDDV",
        "name": "Hannover Langenhagen Airport",
        "city": "Hannover",
        "lat": "52.461964",
        "lon": "9.687095",
        "country": "GERMANY"
    },
    {
        "iata": "LEJ",
        "icao": "EDDP",
        "name": "Leipzig Halle Airport",
        "city": "Leipzig",
        "lat": "51.432442",
        "lon": "12.241630",
        "country": "GERMANY"
    },
    {
        "iata": "MUC",
        "icao": "EDDM",
        "name": "Munich Airport",
        "city": "Munich",
        "lat": "48.353779",
        "lon": "11.786080",
        "country": "GERMANY"
    },
    {
        "iata": "NUE",
        "icao": "EDDN",
        "name": "Nuremberg Airport",
        "city": "Nuremberg",
        "lat": "49.498699",
        "lon": "11.066890",
        "country": "GERMANY"
    },
    {
        "iata": "STR",
        "icao": "EDDS",
        "name": "Stuttgart Airport",
        "city": "Stuttgart",
        "lat": "48.689869",
        "lon": "9.221964",
        "country": "GERMANY"
    },
    {
        "iata": "ATH",
        "icao": "LGAV",
        "name": "Athens Eleftherios Venizelos",
        "city": "Athens",
        "lat": "37.936352",
        "lon": "23.944460",
        "country": "GREECE"
    },
    {
        "iata": "BUD",
        "icao": "LHBP",
        "name": "Budapest Ferenc Liszt International Airport",
        "city": "Budapest",
        "lat": "47.436932",
        "lon": "19.255590",
        "country": "HUNGARY"
    },
    {
        "iata": "IFN",
        "icao": "OIFM",
        "name": "Isfahan International Airport",
        "city": "Isfahan",
        "lat": "32.750832",
        "lon": "51.861259",
        "country": "IRAN"
    },
    {
        "iata": "MHD",
        "icao": "OIMM",
        "name": "Mashhad International Airport",
        "city": "Mashhad",
        "lat": "36.235191",
        "lon": "59.640968",
        "country": "IRAN"
    },
    {
        "iata": "SYZ",
        "icao": "OISS",
        "name": "Shiraz International Airport",
        "city": "Shiraz",
        "lat": "29.539240",
        "lon": "52.589779",
        "country": "IRAN"
    },
    {
        "iata": "TBZ",
        "icao": "OITT",
        "name": "Tabriz International Airport",
        "city": "Tabriz",
        "lat": "38.133881",
        "lon": "46.235001",
        "country": "IRAN"
    },
    {
        "iata": "IKA",
        "icao": "OIIE",
        "name": "Tehran Imam Khomeini International Airport",
        "city": "Tehran",
        "lat": "35.416111",
        "lon": "51.152222",
        "country": "IRAN"
    },
    {
        "iata": "BGW",
        "icao": "ORBI",
        "name": "Baghdad International Airport",
        "city": "Baghdad",
        "lat": "33.262501",
        "lon": "44.234444",
        "country": "IRAQ"
    },
    {
        "iata": "BSR",
        "icao": "ORMM",
        "name": "Basra International Airport",
        "city": "Basra",
        "lat": "30.549061",
        "lon": "47.662140",
        "country": "IRAQ"
    },
    {
        "iata": "EBL",
        "icao": "ORER",
        "name": "Erbil International Airport",
        "city": "Erbil",
        "lat": "36.240482",
        "lon": "43.946671",
        "country": "IRAQ"
    },
    {
        "iata": "BLQ",
        "icao": "LIPE",
        "name": "Bologna Guglielmo Marconi Airport",
        "city": "Bologna",
        "lat": "44.535439",
        "lon": "11.288660",
        "country": "ITALY"
    },
    {
        "iata": "BGY",
        "icao": "LIME",
        "name": "Milan Bergamo Orio al Serio International Airport",
        "city": "Milan",
        "lat": "45.668304",
        "lon": "9.704209",
        "country": "ITALY"
    },
    {
        "iata": "FCO",
        "icao": "LIRF",
        "name": "Rome Leonardo da Vinci Fiumicino Airport",
        "city": "Rome",
        "lat": "41.804470",
        "lon": "12.250790",
        "country": "ITALY"
    },
    {
        "iata": "VCE",
        "icao": "LIPZ",
        "name": "Venice Marco Polo Airport",
        "city": "Venice",
        "lat": "45.505268",
        "lon": "12.351940",
        "country": "ITALY"
    },
    {
        "iata": "AMM",
        "icao": "OJAI",
        "name": "Amman Queen Alia International Airport",
        "city": "Amman",
        "lat": "31.722549",
        "lon": "35.993210",
        "country": "JORDAN"
    },
    {
        "iata": "SCO",
        "icao": "UATE",
        "name": "Aktau Airport",
        "city": "Aktau",
        "lat": "43.860050",
        "lon": "51.091969",
        "country": "KAZAKHSTAN"
    },
    {
        "iata": "ALA",
        "icao": "UAAA",
        "name": "Almaty International Airport",
        "city": "Almaty",
        "lat": "43.354755",
        "lon": "77.044792",
        "country": "KAZAKHSTAN"
    },
    {
        "iata": "NQZ",
        "icao": "UACC",
        "name": "Astana Nursultan Nazarbayev International Airport",
        "city": "Astana",
        "lat": "51.022221",
        "lon": "71.466942",
        "country": "KAZAKHSTAN"
    },
    {
        "iata": "CIT",
        "icao": "UAII",
        "name": "Shymkent International Airport",
        "city": "Shymkent",
        "lat": "42.364159",
        "lon": "69.478882",
        "country": "KAZAKHSTAN"
    },
    {
        "iata": "PRN",
        "icao": "BKPR",
        "name": "Pristina Adem Jashari International Airport",
        "city": "Pristina",
        "lat": "42.572769",
        "lon": "21.035830",
        "country": "KOSOVO"
    },
    {
        "iata": "KWI",
        "icao": "OKKK",
        "name": "Kuwait International Airport",
        "city": "Kuwait City",
        "lat": "29.226561",
        "lon": "47.968922",
        "country": "KUWAIT"
    },
    {
        "iata": "FRU",
        "icao": "UCFM",
        "name": "Bishkek Manas International Airport",
        "city": "Bishkek",
        "lat": "43.061298",
        "lon": "74.477547",
        "country": "KYRGYZSTAN"
    },
    {
        "iata": "OSS",
        "icao": "UCFO",
        "name": "Osh Airport",
        "city": "Osh",
        "lat": "40.608978",
        "lon": "72.793259",
        "country": "KYRGYZSTAN"
    },
    {
        "iata": "BEY",
        "icao": "OLBA",
        "name": "Beirut Rafic Hariri International Airport",
        "city": "Beirut",
        "lat": "33.820930",
        "lon": "35.488380",
        "country": "LEBANON"
    },
    {
        "iata": "MLA",
        "icao": "LMML",
        "name": "Malta Luqa International Airport",
        "city": "Malta",
        "lat": "35.857491",
        "lon": "14.477500",
        "country": "MALTA"
    },
    {
        "iata": "RMO",
        "icao": "LUKK",
        "name": "Chisinau International Airport",
        "city": "Chisinau",
        "lat": "46.927738",
        "lon": "28.930969",
        "country": "MOLDOVA"
    },
    {
        "iata": "TGD",
        "icao": "LYPG",
        "name": "Podgorica Airport",
        "city": "Podgorica",
        "lat": "42.359390",
        "lon": "19.251890",
        "country": "MONTENEGRO"
    },
    {
        "iata": "CMN",
        "icao": "GMMN",
        "name": "Casablanca Mohammed V International Airport",
        "city": "Casablanca",
        "lat": "33.367458",
        "lon": "-7.589960",
        "country": "MOROCCO"
    },
    {
        "iata": "TNG",
        "icao": "GMTT",
        "name": "Tangier Ibn Battouta Airport",
        "city": "Tangier",
        "lat": "35.726910",
        "lon": "-5.916880",
        "country": "MOROCCO"
    },
    {
        "iata": "AMS",
        "icao": "EHAM",
        "name": "Amsterdam Schiphol Airport",
        "city": "Amsterdam",
        "lat": "52.308609",
        "lon": "4.763889",
        "country": "NETHERLANDS"
    },
    {
        "iata": "EIN",
        "icao": "EHEH",
        "name": "Eindhoven Airport",
        "city": "Eindhoven",
        "lat": "51.450130",
        "lon": "5.374528",
        "country": "NETHERLANDS"
    },
    {
        "iata": "RTM",
        "icao": "EHRD",
        "name": "Rotterdam The Hague Airport",
        "city": "Rotterdam",
        "lat": "51.956940",
        "lon": "4.437222",
        "country": "NETHERLANDS"
    },
    {
        "iata": "SKP",
        "icao": "LWSK",
        "name": "Skopje International Airport",
        "city": "Skopje",
        "lat": "41.961620",
        "lon": "21.621380",
        "country": "NORTH MACEDONIA"
    },
    {
        "iata": "OSL",
        "icao": "ENGM",
        "name": "Oslo Gardermoen Airport",
        "city": "Oslo",
        "lat": "60.193909",
        "lon": "11.100360",
        "country": "NORWAY"
    },
    {
        "iata": "MCT",
        "icao": "OOMS",
        "name": "Muscat International Airport",
        "city": "Muscat",
        "lat": "23.593269",
        "lon": "58.284439",
        "country": "OMAN"
    },
    {
        "iata": "KHI",
        "icao": "OPKC",
        "name": "Karachi Jinnah International Airport",
        "city": "Karachi",
        "lat": "24.906540",
        "lon": "67.160789",
        "country": "PAKISTAN"
    },
    {
        "iata": "DOH",
        "icao": "OTHH",
        "name": "Doha Hamad International Airport",
        "city": "Doha",
        "lat": "25.272524",
        "lon": "51.608604",
        "country": "QATAR"
    },
    {
        "iata": "OTP",
        "icao": "LROP",
        "name": "Bucharest Henri Coanda International Airport",
        "city": "Bucharest",
        "lat": "44.572159",
        "lon": "26.102171",
        "country": "ROMANIA"
    },
    {
        "iata": "KZN",
        "icao": "UWKD",
        "name": "Kazan International Airport",
        "city": "Kazan",
        "lat": "55.606178",
        "lon": "49.278721",
        "country": "RUSSIA"
    },
    {
        "iata": "VKO",
        "icao": "UUWW",
        "name": "Moscow Vnukovo International Airport",
        "city": "Moscow",
        "lat": "55.591530",
        "lon": "37.261478",
        "country": "RUSSIA"
    },
    {
        "iata": "LED",
        "icao": "ULLI",
        "name": "St. Petersburg Pulkovo Airport",
        "city": "St. Petersburg",
        "lat": "59.800289",
        "lon": "30.262501",
        "country": "RUSSIA"
    },
    {
        "iata": "DMM",
        "icao": "OEDF",
        "name": "Dammam King Fahd International Airport",
        "city": "Dammam",
        "lat": "26.471161",
        "lon": "49.797890",
        "country": "SAUDI ARABIA"
    },
    {
        "iata": "JED",
        "icao": "OEJN",
        "name": "Jeddah King Abdulaziz International Airport",
        "city": "Jeddah",
        "lat": "21.679560",
        "lon": "39.156528",
        "country": "SAUDI ARABIA"
    },
    {
        "iata": "MED",
        "icao": "OEMA",
        "name": "Medina Prince Mohammad bin Abdulaziz Airport",
        "city": "Medina",
        "lat": "24.553419",
        "lon": "39.705059",
        "country": "SAUDI ARABIA"
    },
    {
        "iata": "RUH",
        "icao": "OERK",
        "name": "Riyadh King Khalid International Airport",
        "city": "Riyadh",
        "lat": "24.957640",
        "lon": "46.698769",
        "country": "SAUDI ARABIA"
    },
    {
        "iata": "BEG",
        "icao": "LYBE",
        "name": "Belgrade Nikola Tesla Airport",
        "city": "Belgrade",
        "lat": "44.818439",
        "lon": "20.309130",
        "country": "SERBIA"
    },
    {
        "iata": "BTS",
        "icao": "LZIB",
        "name": "Bratislava M. R. Stefanik Airport",
        "city": "Bratislava",
        "lat": "48.170158",
        "lon": "17.212660",
        "country": "SLOVAKIA"
    },
    {
        "iata": "BCN",
        "icao": "LEBL",
        "name": "Barcelona El Prat Airport",
        "city": "Barcelona",
        "lat": "41.297070",
        "lon": "2.078463",
        "country": "SPAIN"
    },
    {
        "iata": "MAD",
        "icao": "LEMD",
        "name": "Madrid Barajas Airport",
        "city": "Madrid",
        "lat": "40.488701",
        "lon": "-3.570000",
        "country": "SPAIN"
    },
    {
        "iata": "SVQ",
        "icao": "LEZL",
        "name": "Seville San Pablo Airport",
        "city": "Seville",
        "lat": "37.417950",
        "lon": "-5.892757",
        "country": "SPAIN"
    },
    {
        "iata": "ARN",
        "icao": "ESSA",
        "name": "Stockholm Arlanda Airport",
        "city": "Stockholm",
        "lat": "59.653545",
        "lon": "17.939816",
        "country": "SWEDEN"
    },
    {
        "iata": "GVA",
        "icao": "LSGG",
        "name": "Geneva International Airport",
        "city": "Geneva",
        "lat": "46.238060",
        "lon": "6.108950",
        "country": "SWITZERLAND"
    },
    {
        "iata": "ZRH",
        "icao": "LSZH",
        "name": "Zurich Airport",
        "city": "Zurich",
        "lat": "47.464722",
        "lon": "8.549167",
        "country": "SWITZERLAND"
    },
    {
        "iata": "ADF",
        "icao": "LTCP",
        "name": "Adiyaman Airport",
        "city": "Adiyaman",
        "lat": "37.731361",
        "lon": "38.468929",
        "country": "TURKEY"
    },
    {
        "iata": "AJI",
        "icao": "LTCO",
        "name": "Agri Airport",
        "city": "Agri",
        "lat": "39.654560",
        "lon": "43.027149",
        "country": "TURKEY"
    },
    {
        "iata": "ESB",
        "icao": "LTAC",
        "name": "Ankara Esenboga International Airport",
        "city": "Ankara",
        "lat": "40.128078",
        "lon": "32.995079",
        "country": "TURKEY"
    },
    {
        "iata": "HTY",
        "icao": "LTDA",
        "name": "Antakya Hatay Airport",
        "city": "Antakya",
        "lat": "36.362778",
        "lon": "36.282223",
        "country": "TURKEY"
    },
    {
        "iata": "AYT",
        "icao": "LTAI",
        "name": "Antalya Airport",
        "city": "Antalya",
        "lat": "36.898731",
        "lon": "30.800461",
        "country": "TURKEY"
    },
    {
        "iata": "BAL",
        "icao": "LTCJ",
        "name": "Batman Airport",
        "city": "Batman",
        "lat": "37.928959",
        "lon": "41.116581",
        "country": "TURKEY"
    },
    {
        "iata": "BGG",
        "icao": "LTCU",
        "name": "Bingol Airport",
        "city": "Bingol",
        "lat": "38.861111",
        "lon": "40.592499",
        "country": "TURKEY"
    },
    {
        "iata": "BJV",
        "icao": "LTFE",
        "name": "Bodrum Milas Airport",
        "city": "Bodrum",
        "lat": "37.250610",
        "lon": "27.664310",
        "country": "TURKEY"
    },
    {
        "iata": "DLM",
        "icao": "LTBS",
        "name": "Dalaman Airport",
        "city": "Dalaman",
        "lat": "36.713051",
        "lon": "28.792500",
        "country": "TURKEY"
    },
    {
        "iata": "DNZ",
        "icao": "LTAY",
        "name": "Denizli Cardak Airport",
        "city": "Cardak",
        "lat": "37.785561",
        "lon": "29.701290",
        "country": "TURKEY"
    },
    {
        "iata": "DIY",
        "icao": "LTCC",
        "name": "Diyarbakir Airport",
        "city": "Diyarbakir",
        "lat": "37.893890",
        "lon": "40.201012",
        "country": "TURKEY"
    },
    {
        "iata": "EDO",
        "icao": "LTFD",
        "name": "Edremit Balikesir Koca Seyit Airport",
        "city": "Edremit",
        "lat": "39.549999",
        "lon": "27.010000",
        "country": "TURKEY"
    },
    {
        "iata": "EZS",
        "icao": "LTCA",
        "name": "Elazig Airport",
        "city": "Elazig",
        "lat": "38.606918",
        "lon": "39.291409",
        "country": "TURKEY"
    },
    {
        "iata": "ECN",
        "icao": "LCEN",
        "name": "Ercan International Airport",
        "city": "Ercan",
        "lat": "35.155071",
        "lon": "33.502117",
        "country": "TURKEY"
    },
    {
        "iata": "ERC",
        "icao": "LTCD",
        "name": "Erzincan Airport",
        "city": "Erzincan",
        "lat": "39.710201",
        "lon": "39.527000",
        "country": "TURKEY"
    },
    {
        "iata": "ERZ",
        "icao": "LTCE",
        "name": "Erzurum Airport",
        "city": "Erzurum",
        "lat": "39.956501",
        "lon": "41.170158",
        "country": "TURKEY"
    },
    {
        "iata": "GZT",
        "icao": "LTAJ",
        "name": "Gaziantep Oguzeli Airport",
        "city": "Gaziantep",
        "lat": "36.947182",
        "lon": "37.478680",
        "country": "TURKEY"
    },
    {
        "iata": "GZP",
        "icao": "LTFG",
        "name": "Gazipasa Airport",
        "city": "Gazipasa",
        "lat": "36.299000",
        "lon": "32.299999",
        "country": "TURKEY"
    },
    {
        "iata": "IGD",
        "icao": "LTCT",
        "name": "Igdir Airport",
        "city": "Igdir",
        "lat": "39.983055",
        "lon": "43.866390",
        "country": "TURKEY"
    },
    {
        "iata": "ADB",
        "icao": "LTBJ",
        "name": "Izmir Adnan Menderes International Airport",
        "city": "Izmir",
        "lat": "38.292389",
        "lon": "27.156950",
        "country": "TURKEY"
    },
    {
        "iata": "KSY",
        "icao": "LTCF",
        "name": "Kars Harakani Airport",
        "city": "Kars",
        "lat": "40.562222",
        "lon": "43.115002",
        "country": "TURKEY"
    },
    {
        "iata": "ASR",
        "icao": "LTAU",
        "name": "Kayseri Erkilet International Airport",
        "city": "Kayseri",
        "lat": "38.770378",
        "lon": "35.495419",
        "country": "TURKEY"
    },
    {
        "iata": "KYA",
        "icao": "LTAN",
        "name": "Konya Airport",
        "city": "Konya",
        "lat": "37.979000",
        "lon": "32.561859",
        "country": "TURKEY"
    },
    {
        "iata": "MLX",
        "icao": "LTAT",
        "name": "Malatya Erhac Airport",
        "city": "Malatya",
        "lat": "38.435341",
        "lon": "38.091000",
        "country": "TURKEY"
    },
    {
        "iata": "MQM",
        "icao": "LTCR",
        "name": "Mardin Airport",
        "city": "Mardin",
        "lat": "37.223331",
        "lon": "40.631660",
        "country": "TURKEY"
    },
    {
        "iata": "COV",
        "icao": "LTDB",
        "name": "Mersin Cukurova International Airport",
        "city": "Mersin",
        "lat": "36.892776",
        "lon": "35.072136",
        "country": "TURKEY"
    },
    {
        "iata": "MZH",
        "icao": "LTAP",
        "name": "Merzifon Airport",
        "city": "Merzifon",
        "lat": "40.829369",
        "lon": "35.521992",
        "country": "TURKEY"
    },
    {
        "iata": "MSR",
        "icao": "LTCK",
        "name": "Mus Airport",
        "city": "Mus",
        "lat": "38.747761",
        "lon": "41.661228",
        "country": "TURKEY"
    },
    {
        "iata": "NAV",
        "icao": "LTAZ",
        "name": "Nevsehir Kapadokya Airport",
        "city": "Nevsehir",
        "lat": "38.772236",
        "lon": "34.533512",
        "country": "TURKEY"
    },
    {
        "iata": "RZV",
        "icao": "LTFO",
        "name": "Rize Artvin Airport",
        "city": "Rize",
        "lat": "41.180119",
        "lon": "40.849251",
        "country": "TURKEY"
    },
    {
        "iata": "SZF",
        "icao": "LTFH",
        "name": "Samsun Carsamba Airport",
        "city": "Samsun",
        "lat": "41.254478",
        "lon": "36.567101",
        "country": "TURKEY"
    },
    {
        "iata": "GNY",
        "icao": "LTCS",
        "name": "Sanliurfa GAP Airport",
        "city": "Sanliurfa",
        "lat": "37.450001",
        "lon": "38.900002",
        "country": "TURKEY"
    },
    {
        "iata": "NKT",
        "icao": "LTCV",
        "name": "Sirnak Airport",
        "city": "Sirnak",
        "lat": "37.363888",
        "lon": "42.060001",
        "country": "TURKEY"
    },
    {
        "iata": "VAS",
        "icao": "LTAR",
        "name": "Sivas Nuri Demirag Airport",
        "city": "Sivas",
        "lat": "39.813820",
        "lon": "36.903488",
        "country": "TURKEY"
    },
    {
        "iata": "TJK",
        "icao": "LTAW",
        "name": "Tokat Airport",
        "city": "Tokat",
        "lat": "40.321861",
        "lon": "36.379726",
        "country": "TURKEY"
    },
    {
        "iata": "TZX",
        "icao": "LTCG",
        "name": "Trabzon Airport",
        "city": "Trabzon",
        "lat": "40.995098",
        "lon": "39.789719",
        "country": "TURKEY"
    },
    {
        "iata": "VAN",
        "icao": "LTCI",
        "name": "Van Airport",
        "city": "Van",
        "lat": "38.468208",
        "lon": "43.332298",
        "country": "TURKEY"
    },
    {
        "iata": "AUH",
        "icao": "OMAA",
        "name": "Abu Dhabi Zayed International Airport",
        "city": "Abu Dhabi",
        "lat": "24.442856",
        "lon": "54.651474",
        "country": "UNITED ARAB EMIRATES"
    },
    {
        "iata": "DXB",
        "icao": "OMDB",
        "name": "Dubai International Airport",
        "city": "Dubai",
        "lat": "25.252769",
        "lon": "55.364441",
        "country": "UNITED ARAB EMIRATES"
    },
    {
        "iata": "SHJ",
        "icao": "OMSJ",
        "name": "Sharjah International Airport",
        "city": "Sharjah",
        "lat": "25.328569",
        "lon": "55.517151",
        "country": "UNITED ARAB EMIRATES"
    },
    {
        "iata": "BHX",
        "icao": "EGBB",
        "name": "Birmingham Airport",
        "city": "Birmingham",
        "lat": "52.453850",
        "lon": "-1.748020",
        "country": "UNITED KINGDOM"
    },
    {
        "iata": "EDI",
        "icao": "EGPH",
        "name": "Edinburgh Airport",
        "city": "Edinburgh",
        "lat": "55.950001",
        "lon": "-3.372500",
        "country": "UNITED KINGDOM"
    },
    {
        "iata": "LHR",
        "icao": "EGLL",
        "name": "London Heathrow Airport",
        "city": "London",
        "lat": "51.471626",
        "lon": "-0.467081",
        "country": "UNITED KINGDOM"
    },
    {
        "iata": "STN",
        "icao": "EGSS",
        "name": "London Stansted Airport",
        "city": "London",
        "lat": "51.884998",
        "lon": "0.235000",
        "country": "UNITED KINGDOM"
    },
    {
        "iata": "MAN",
        "icao": "EGCC",
        "name": "Manchester Airport",
        "city": "Manchester",
        "lat": "53.353741",
        "lon": "-2.274950",
        "country": "UNITED KINGDOM"
    }
]